... is required,expression,,,
access control,,,,
account,noun,,,
action,noun,,,
activated,adjective,,,
active,adjective,,,
add,verb,,,
administer,verb,,,
administration,noun,,,
administration pages,noun,,,
administration theme,noun,,,
administrator,noun,,,
aggregation,noun,,,
Aggregator,noun,,,
aggregator,noun,,,
anonymous,noun,,,
API,noun,,,
api,noun,,,
approved,adjective,,,
archive,noun,,,
argument,noun,,,
article,noun,,,
attachment,noun,,,
authorized individual,expression,,,
Base theme,noun,,,
Basic page,noun,,,
Big Pipe,noun,,,
block,noun,,,
blog,noun,,,
body,noun,,,
book outline,noun,,,
Book page,noun,,,
breadcrumb,noun,,,
breakpoint,noun,,,
breakpoint,noun,,,
browse,verb,,,
browser,noun,,,
browser,noun,,,
bundle,noun,,,
button,noun,,,
cache,noun,,,
cache,verb,,,
cache,noun,,,
Cache tag,noun,,,
capture,verb,,,
categorize,verb,,,
category,noun,,,
chapter,noun,,,
check,verb,,, anhaken
check,verb ,,,
checkbox,noun,,,
child,noun,,,
child,adjective,,,
child page,noun,,,
clean URLs,noun,,,
CMS,noun,,,
collaborative,adjective,,,
Computed date,,,,
configuration,noun,,,
configuration management,noun,,,
content,noun,,,
content types,noun,,,
context,noun,,,
contextual filter,noun,,,
contextual links,noun,,,
contributed module,noun,,,
core,noun,,,
core,noun,,,
create,verb,,,
created,verb,,,
cron,noun,,,
custom,adjective,,,
customization,noun,,,
date,noun,,,
dates,noun,,,
debugging,noun,,,
default,noun,,,
default,adjektiv,,,
delete,verb,,,
deleted,verb,,,
deprecated,,,,
display mode,noun,,,
display settings,noun,,,
displayed,verb,,,
domain,noun,,,
drag & drop handles,,,,
drag and drop,,,,
Drupal core,noun,,,
e-mail,noun,,,
e.g.,expression,,,
edit,verb,,,
enable,,,,
entity,noun,,,
Entity Reference,noun,,,
entity reference,noun,,,
Entity Type,noun,,,
entity type,noun,,,
event,noun,,,
example.com/.net/.org,,,,
expanded view,expression,,,
expose,verb,,,
expose,verb,,,
feature,noun,,,
feed,noun,,,
field,noun,,,
field display,,,,
fieldgroup,noun,,,
filter,noun,,,
filter,verb,,,
flag,noun,,,
form,noun,,,
form mode,noun,,,
formatter,,,,
forum,noun,,,
forums,noun,,,
fully-qualified,adjective,,,
guide,noun,,,
handbook,noun,,,
handbook page,noun,,,
Handler,noun,,,
handler,noun,,,
header,noun,,,
help text,noun,,,
home,noun,,,
HTML tag,noun,,,
hyperlink,noun,,,
icon,noun,,,
image,,,,
image styles,,,,
information,plural,,,
input filter,noun,,,
input format,noun,,,
Installer,noun,,,
interface,noun,,,
interval,noun,,,
issue,,,,
item,noun,,,
label,noun,,,
label,,,,
last,adjective,,,
latest,adjective,,,
legacy,noun,,,
library,noun,,,
link,noun,,,
link,verb,,,
location,noun,,,
log,noun,,,
log in,verb,,,
log message,noun,,,
log out,verb,,,
machine name,noun,,,
media query,noun,,,
menu,noun,,,
menu item,noun,,,
message,noun,,,
message type,noun,,,
migrate,verb,,,
moderate,verb,,,
moderator,noun,,,
module,noun,,,
move,verb,,,
never,adjective,,,
news feed,noun,,,
next,adjective,,,
node type,noun,,,
node/Node,noun,,, in der UI f√ºr den Benutzer: Beitrag
notice,noun,,,
on a regular basis,adjective,,,
operations,noun,,,
options,noun,,,
organize,verb,,,
orphan,adjective,,,
outline,noun,,,
override,verb,,,
overview,noun,,,
page,noun,,,
pager,noun,,,
parent,adjective,,,
path,noun,,,
performance,noun,,,
permission,noun,,,
Plugin,,,,
poll,noun,,,
post,noun,,,
post,verb,,,
previous,adjective,,,
production site,noun,,,
promote to front page,expression,,,
public,adjective,,,
publication,noun,,,
publish,verb,,,
queue,noun,,,
radio button,noun,,,
RDF feed,noun,,,
reference field,noun,,,
region,noun,,,
register,verb,,,
render,adjective,,,
replacement patterns,noun,,,
reply,noun,,,
reply,verb,,,
reset,verb,,,
responsive design,noun,,,
result,noun,,,
revision,noun,,,
role,noun,,,
row,noun,,,
row,noun,,,
RSS feed,noun,,,
schema,noun,,,
search output,noun,,,
section,noun,,,
selector,noun,,,
session,noun,,,
setting,noun,,,
severity,noun,,,
site,noun,,,
source language,,,,
sprint,noun,,,
state,noun,,,
states,noun,,,
story,noun,,,
string,noun,,,
submit,verb,,,
syndicate,verb,,,
system,noun,,,
system event,noun,,,
tab,noun,,,
tag,noun,,,
taxonomy,noun,,,
teaser,noun,,,
term,noun,,,
text editor,noun,,,
themable,adjective,,,
theme,noun,,,
theme,noun,,,
threaded view,noun,,,
threshold,noun,,,
throttle,noun,,,
thumbnail,noun,,,
title,noun,,,
toolbar,noun,,,
toolkit,noun,,,
topic,noun,,,
trackback,noun,,,
trigger,noun,,,
UI,noun,,,
unpublish,verb,,,
unpublished,adjective,,,
update,verb,,,
upgrade,noun,,,
Upload,noun,,,
URL,noun,,,
user,noun,,,
user profile,noun,,,
userinterface,noun,,,
validation,noun,,,
view,noun,,,
view,verb,,,
view mode,noun,,,
viewports,noun,,,
visitor,noun,,,
vital,adjective,,,
waiting,adjective,,,
warning,noun,,,
watchdog,noun,,,
web service,noun,,,
website,,,,
weight,noun,,,
who's online,expression,,,
widget,noun,,,
wishlist,noun,,,
workflow,noun,,,
identifier,,,,
image formatter,,,,
visit,,,,
constraint,,,,
array,,,,
permalink,,,,
thread,,,,
Token,,,,
locale,noun,,,
content entity,,,,
configuration entity,,,,
